{
  "page_number": 1,
  "total_blocks": 18,
  "average_confidence": 0.9869622738549003,
  "processing_time": 4.2896153926849365,
  "processed_at": "2025-10-01T02:38:38.197545",
  "version": "1.0"
}