{
  "page_number": 1,
  "total_blocks": 2,
  "average_confidence": 0.9683743119239807,
  "processing_time": 0.14745783805847168,
  "processed_at": "2025-10-01T00:23:03.232677",
  "version": "1.0"
}