{
  "page_number": 1,
  "total_blocks": 18,
  "average_confidence": 0.9869622738549003,
  "processing_time": 4.288995742797852,
  "processed_at": "2025-10-01T02:25:35.102671",
  "version": "1.0"
}