{
  "c4de4a4406a1d2bcafd2584449180df3_b441d65e86cbc5d73b3b43fdf5d96e5d": {
    "created": 1759322500.531209,
    "last_accessed": 1759322500.5312092,
    "access_count": 1,
    "image_path": "/tmp/tmpi5g1e9kj_page_001.png",
    "file_size": 11876
  },
  "21792bbec232f5787d466800949bba43_983a9fad3160712d719c50fc4dd7bc44": {
    "created": 1759322675.6031566,
    "last_accessed": 1759322675.6031568,
    "access_count": 1,
    "image_path": "/tmp/tmp23blpupv_page_001.png",
    "file_size": 6261
  },
  "02521e91bc05f4998f25f2369cc6cf85_983a9fad3160712d719c50fc4dd7bc44": {
    "created": 1759322689.3968859,
    "last_accessed": 1759322689.3968859,
    "access_count": 1,
    "image_path": "/tmp/tmp23blpupv_page_002.png",
    "file_size": 17360
  },
  "1444dcfa2aaf5225fd1a5ca110775852_983a9fad3160712d719c50fc4dd7bc44": {
    "created": 1759380153.96066,
    "last_accessed": 1759380153.96066,
    "access_count": 1,
    "image_path": "/tmp/tmp4bnoca2w.jpg",
    "file_size": 14211
  },
  "f26ccd19b4731cb6523ad5958c93e314_b441d65e86cbc5d73b3b43fdf5d96e5d": {
    "created": 1760023800.7665908,
    "last_accessed": 1760024737.5258632,
    "access_count": 17,
    "image_path": "/tmp/tmp5x60diy9.png",
    "file_size": 2753
  },
  "aa844f127288c4bafd9be2a4e38a78d9_b441d65e86cbc5d73b3b43fdf5d96e5d": {
    "created": 1760033598.6249173,
    "last_accessed": 1760033598.6249173,
    "access_count": 1,
    "image_path": "/tmp/tmp7hs5ccoh.png",
    "file_size": 2908
  },
  "b537db590af923ca5aed7ce0e7d6c122_b441d65e86cbc5d73b3b43fdf5d96e5d": {
    "created": 1760033632.4145417,
    "last_accessed": 1760033632.4145422,
    "access_count": 1,
    "image_path": "/tmp/tmppoag6jyr.png",
    "file_size": 4417
  }
}