{
  "c4de4a4406a1d2bcafd2584449180df3_b441d65e86cbc5d73b3b43fdf5d96e5d": {
    "created": 1759322500.531209,
    "last_accessed": 1759322500.5312092,
    "access_count": 1,
    "image_path": "/tmp/tmpi5g1e9kj_page_001.png",
    "file_size": 11876
  },
  "21792bbec232f5787d466800949bba43_983a9fad3160712d719c50fc4dd7bc44": {
    "created": 1759322675.6031566,
    "last_accessed": 1759322675.6031568,
    "access_count": 1,
    "image_path": "/tmp/tmp23blpupv_page_001.png",
    "file_size": 6261
  },
  "02521e91bc05f4998f25f2369cc6cf85_983a9fad3160712d719c50fc4dd7bc44": {
    "created": 1759322689.3968859,
    "last_accessed": 1759322689.3968859,
    "access_count": 1,
    "image_path": "/tmp/tmp23blpupv_page_002.png",
    "file_size": 17360
  }
}