{
  "page_number": 1,
  "total_blocks": 18,
  "average_confidence": 0.9869622738549003,
  "processing_time": 3.702348232269287,
  "processed_at": "2025-10-01T02:18:30.212527",
  "version": "1.0"
}