{
  "page_number": 1,
  "total_blocks": 18,
  "average_confidence": 0.9869622738549003,
  "processing_time": 3.6960887908935547,
  "processed_at": "2025-10-01T01:42:15.507724",
  "version": "1.0"
}