{
  "page_number": 1,
  "total_blocks": 22,
  "average_confidence": 0.9804208333895663,
  "processing_time": 5.237219572067261,
  "processed_at": "2025-09-30T23:50:51.319357",
  "version": "1.0"
}