{
  "page_number": 1,
  "total_blocks": 2,
  "average_confidence": 0.9683743119239807,
  "processing_time": 0.1495976448059082,
  "processed_at": "2025-10-01T00:14:12.600838",
  "version": "1.0"
}