{
  "page_number": 1,
  "total_blocks": 2,
  "average_confidence": 0.9683743119239807,
  "processing_time": 0.1490495204925537,
  "processed_at": "2025-10-01T00:13:48.630511",
  "version": "1.0"
}