{
  "page_number": 1,
  "total_blocks": 18,
  "average_confidence": 0.9869622738549003,
  "processing_time": 3.693246841430664,
  "processed_at": "2025-10-01T01:44:43.536150",
  "version": "1.0"
}