{
  "page_number": 1,
  "total_blocks": 0,
  "average_confidence": 0.0,
  "processing_time": 0.09196257591247559,
  "processed_at": "2025-09-30T23:47:02.617704",
  "version": "1.0"
}