{
  "page_number": 1,
  "total_blocks": 27,
  "average_confidence": 0.9615967460191299,
  "processing_time": 7.1925365924835205,
  "processed_at": "2025-09-30T23:46:04.672450",
  "version": "1.0"
}